{
    "Title": {
        "Jacc_Sim": 1.0,
        "BioBERT_Sim": 1.0,
        "Ensemble_Sim": 1.0,
        "Precision": 1.0,
        "Recall": 1.0,
        "F1_Score": 1.0,
        "Avg_TextLength": 2.0,
        "Words only in Original": [],
        "Words only in Generated": []
    },
    "Date": {
        "Jacc_Sim": 0.0,
        "BioBERT_Sim": 0.9630627036094666,
        "Ensemble_Sim": 0.33707194626331327,
        "Precision": 0.0,
        "Recall": 0.0,
        "F1_Score": "Nan",
        "Avg_TextLength": 1.0,
        "Words only in Original": [
            "05102024"
        ],
        "Words only in Generated": [
            "04022024"
        ]
    },
    "To Provider": {
        "Jacc_Sim": 0.25,
        "BioBERT_Sim": 0.9048209190368652,
        "Ensemble_Sim": 0.4791873216629028,
        "Precision": 0.3333333333333333,
        "Recall": 0.5,
        "F1_Score": 0.4,
        "Avg_TextLength": 2.5,
        "Words only in Original": [
            "Partners"
        ],
        "Words only in Generated": [
            "Group",
            "Heartcare"
        ]
    },
    "Phone": {
        "Jacc_Sim": 0.3333333333333333,
        "BioBERT_Sim": 0.9604638814926147,
        "Ensemble_Sim": 0.5528290251890818,
        "Precision": 0.5,
        "Recall": 0.5,
        "F1_Score": 0.5,
        "Avg_TextLength": 2.0,
        "Words only in Original": [
            "7891234"
        ],
        "Words only in Generated": [
            "5551234"
        ]
    },
    "Fax": {
        "Jacc_Sim": 0.3333333333333333,
        "BioBERT_Sim": 0.9650049209594727,
        "Ensemble_Sim": 0.5544183890024821,
        "Precision": 0.5,
        "Recall": 0.5,
        "F1_Score": 0.5,
        "Avg_TextLength": 2.0,
        "Words only in Original": [
            "7895678"
        ],
        "Words only in Generated": [
            "5555678"
        ]
    },
    "Name": {
        "Jacc_Sim": 0.2,
        "BioBERT_Sim": 0.9649539589881897,
        "Ensemble_Sim": 0.4677338856458664,
        "Precision": 0.3333333333333333,
        "Recall": 0.3333333333333333,
        "F1_Score": 0.3333333333333333,
        "Avg_TextLength": 3.0,
        "Words only in Original": [
            "Patel",
            "Robert"
        ],
        "Words only in Generated": [
            "Emily",
            "Chen"
        ]
    },
    "Practice": {
        "Jacc_Sim": 0.0,
        "BioBERT_Sim": 0.7882301807403564,
        "Ensemble_Sim": 0.27588056325912474,
        "Precision": 0.0,
        "Recall": 0.0,
        "F1_Score": "Nan",
        "Avg_TextLength": 3.0,
        "Words only in Original": [
            "Community",
            "Health",
            "Center"
        ],
        "Words only in Generated": [
            "Downtown",
            "Medicine",
            "Family"
        ]
    },
    "Address": {
        "Jacc_Sim": 0.3333333333333333,
        "BioBERT_Sim": 0.9772202968597412,
        "Ensemble_Sim": 0.5586937705675761,
        "Precision": 0.5,
        "Recall": 0.5,
        "F1_Score": 0.5,
        "Avg_TextLength": 8.0,
        "Words only in Original": [
            "321",
            "Road",
            "Pine",
            "200"
        ],
        "Words only in Generated": [
            "100",
            "Avenue",
            "789",
            "Elm"
        ]
    },
    "Diagnosis": {
        "Jacc_Sim": 0.0,
        "BioBERT_Sim": 0.8713914752006531,
        "Ensemble_Sim": 0.30498701632022857,
        "Precision": 0.0,
        "Recall": 0.0,
        "F1_Score": "Nan",
        "Avg_TextLength": 2.0,
        "Words only in Original": [
            "and",
            "syncope",
            "collapse"
        ],
        "Words only in Generated": [
            "palpitation"
        ]
    },
    "ICD-10": {
        "Jacc_Sim": 0.0,
        "BioBERT_Sim": 0.9056138396263123,
        "Ensemble_Sim": 0.31696484386920926,
        "Precision": 0.0,
        "Recall": 0.0,
        "F1_Score": "Nan",
        "Avg_TextLength": 3.0,
        "Words only in Original": [
            "and",
            "R55",
            "syncope",
            "collapse"
        ],
        "Words only in Generated": [
            "palpitation",
            "r002"
        ]
    },
    "Order Name": {
        "Jacc_Sim": 0.75,
        "BioBERT_Sim": 0.9870690107345581,
        "Ensemble_Sim": 0.8329741537570954,
        "Precision": 0.8571428571428571,
        "Recall": 0.8571428571428571,
        "F1_Score": 0.8571428571428571,
        "Avg_TextLength": 7.0,
        "Words only in Original": [
            "Consultation"
        ],
        "Words only in Generated": [
            "Evaluation"
        ]
    },
    "Schedule Within": {
        "Jacc_Sim": 1.0,
        "BioBERT_Sim": 1.0,
        "Ensemble_Sim": 1.0,
        "Precision": 1.0,
        "Recall": 1.0,
        "F1_Score": 1.0,
        "Avg_TextLength": 2.0,
        "Words only in Original": [],
        "Words only in Generated": []
    },
    "Note to Provider": {
        "Jacc_Sim": 0.6666666666666666,
        "BioBERT_Sim": 0.9759095907211304,
        "Ensemble_Sim": 0.774901690085729,
        "Precision": 0.9090909090909091,
        "Recall": 0.7142857142857143,
        "F1_Score": 0.8,
        "Avg_TextLength": 14.5,
        "Words only in Original": [
            "cardiac",
            "of",
            "cause",
            "syncope"
        ],
        "Words only in Generated": [
            "arrhythmia"
        ]
    },
    "Reason for Referral": {
        "Jacc_Sim": 0.0,
        "BioBERT_Sim": 0.8555492758750916,
        "Ensemble_Sim": 0.29944224655628204,
        "Precision": 0.0,
        "Recall": 0.0,
        "F1_Score": "Nan",
        "Avg_TextLength": 2.5,
        "Words only in Original": [
            "recurrent",
            "syncope"
        ],
        "Words only in Generated": [
            "and",
            "palpitation",
            "lightheadedness"
        ]
    },
    "of requested visits": {
        "Jacc_Sim": 1.0,
        "BioBERT_Sim": 0.9999998807907104,
        "Ensemble_Sim": 0.9999999582767487,
        "Precision": 1.0,
        "Recall": 1.0,
        "F1_Score": 1.0,
        "Avg_TextLength": 1.0,
        "Words only in Original": [],
        "Words only in Generated": []
    },
    "Patient Name": {
        "Jacc_Sim": 0.0,
        "BioBERT_Sim": 0.9040989279747009,
        "Ensemble_Sim": 0.3164346247911453,
        "Precision": 0.0,
        "Recall": 0.0,
        "F1_Score": "Nan",
        "Avg_TextLength": 2.0,
        "Words only in Original": [
            "Davis",
            "Elizabeth"
        ],
        "Words only in Generated": [
            "Johnson",
            "Michael"
        ]
    },
    "Sex": {
        "Jacc_Sim": 0.0,
        "BioBERT_Sim": 0.9597380757331848,
        "Ensemble_Sim": 0.3359083265066147,
        "Precision": 0.0,
        "Recall": 0.0,
        "F1_Score": "Nan",
        "Avg_TextLength": 1.0,
        "Words only in Original": [
            "f"
        ],
        "Words only in Generated": [
            "m"
        ]
    },
    "DOB": {
        "Jacc_Sim": 0.0,
        "BioBERT_Sim": 0.964268147945404,
        "Ensemble_Sim": 0.3374938517808914,
        "Precision": 0.0,
        "Recall": 0.0,
        "F1_Score": "Nan",
        "Avg_TextLength": 1.0,
        "Words only in Original": [
            "09081972"
        ],
        "Words only in Generated": [
            "05221985"
        ]
    },
    "Age": {
        "Jacc_Sim": 0.0,
        "BioBERT_Sim": 0.9631133675575256,
        "Ensemble_Sim": 0.33708967864513395,
        "Precision": 0.0,
        "Recall": 0.0,
        "F1_Score": "Nan",
        "Avg_TextLength": 1.0,
        "Words only in Original": [
            "51y8mo"
        ],
        "Words only in Generated": [
            "38y10mo"
        ]
    },
    "Patient Address": {
        "Jacc_Sim": 0.3333333333333333,
        "BioBERT_Sim": 0.9726155996322632,
        "Ensemble_Sim": 0.5570821265379587,
        "Precision": 0.5,
        "Recall": 0.5,